query_id,query_text,y
602089,what county is  raleigh nc in,1
320067,how much gas is in a barrel of crude,0
1152306,what is the adr,0
240445,how long before chickens lay eggs,0
610706,what county is omaha ne located,1
740462,what is dmas,0
1063249,why did the attack on judiciary act happen,0
300373,how many world series has the cardinals won,0
774709,what is my medicare card number,0
279394,how many children does steve harvey have,0
1008297,what's the weather like in san francisco in november,1
399173,is 58 old,0
1234,3 people who were important of the european renaissance time period,0
995002,where is the city mobile in the us,1
1170488,specific types of leukocytes,0
839722,what is the population in buffalo ny,1
501127,species biology definition,0
1016901,which part of europe is united kingdom in,1
933225,what's the temperature in shanghai,1
195775,good food protein,0
1105633,where does the last name waldrop originate from,0
334427,how old is big sean,0
586570,what causes cirrhosis of the liver,0
30946,average annual growth,0
1130012,how much of a temperature means you have a fever,0
441354,literary terms what is a connotation,0
231254,how far is indianapolis from.detroit?,1
1133629,how does an income statement,0
881038,what nationality is the name vargas,0
1041912,who is the tallest person in the world/,0
1055190,who was president during the great depression,0
63716,can albuterol be used for prophylaxis,0
926874,what year did the california gold rush began,0
673841,what is a aso,0
1133765,how do i use dormant oil,0
613856,"what county is tucker, ga",1
1013784,which muscles are used for inspiratory pressures,0
690785,what is a metaphor ks2,0
652977,what does the symbol =) mean?,0
112731,cricket wireless address,0
208286,how big are weasels,0
372731,how to play the game marbles,0
560286,what are important uses for graphite,0
1098025,how long for the irs to send refund,0
1028351,who has won the most french open men's title,0
872278,what language does kaminos speak,0
14925,airlines that fly from spokane to portland,1
381985,how to support strategy,0
734138,what is considered soldiers serving,0
265995,how long of flight from hawaii to japan,1
1010720,which hotels are located on the atlantic city boardwalk in nj,1
583089,what canyon is in arizona,1
292748,how many people live in the scotland,1
980333,where is colorado school of mines located,1
610509,what county is norwalk connecticut,1
814062,what is the cycle of hormones before a period,0
603435,"what county is brandon, sd",1
1037794,what is the language of myanmar,1
805262,what is the area code for la,1
564920,what are sites that touch the mississippi,1
955550,when to move climbing roses,0
995765,where is the gold in alaska,1
1151316,what is the diagnosis code for hormone replacement,0
945811,when does a tenant need to be given notice of foreclosure,0
728902,what is celery made of,0
552476,what airport do you fly into for maui hawaii,1
271357,how long to keep mushrooms,0
603343,"what county is boonton, nj",1
1079105,word meaning speechify,0
1134305,highest point in manitoba baldy mountain,1
848478,what is the state tax rate for orange county ca,1
839977,what is the population of maldives,1
473844,perrigo stock price,0
852650,what is the use tax rate for denver,1
1009164,which episode says i am the one who knocks,0
974752,where does the ocelot live,1
1167523,weather in summer tokyo,1
589978,what causes muscle pain all over,0
1041641,who is the richest owner in nfl,0
885320,what part of the world does maize come from,1
859828,what is used to indicate a search term can be anywhere in a string of text,0
549218,what a orthopedic doctor does,0
1108845,what states have local income taxes,1
535301,va tax contact,0
53174,biggest house in the world price,1
543451,"weather in beaumont, california fahrenheit",1
1157822,what is a platelets,0
888849,what produces wind when it moves,0
269439,how long to cook beef fillet,0
350159,how to cite in mla in a paper,0
129677,define: perennial,0
620808,what direction do tornadoes move,0
984160,"where is harrisville, ms",1
903425,what the fastest animal in the world,0
1156045,what is cigarette tar called,0
1042090,who is the voice of howard's mom on big bang,0
891720,what rocks make up most of the earth's crust oceanic or continental,0
1065871,why do veins have valves,0
143586,did christopher columbus get to mainland of north america,0
232935,how far will a tsunami travel inland,0
511113,teaspoon equals how many ounces,0
805270,what is the area code for nutley nj,1
1058912,who wrote the equal rights amendment,0
757393,what is il. sales tax amount,1
753615,what is happening when you can see your breath in the air,0
1026894,who discovered dna first,0
268124,how long to bake chicken in oven,0
386923,how to write goal for handwriting,0
230567,how far is barcelona airport from cruise port,1
270580,how long to fly to new zealand,1
288394,how many meters in a baseball field,0
965004,where are bella products made,1
839713,what is the population for turkey,1
291505,how many pages are in sense and sensibility,0
815007,what is the definition of fungi,0
546130,weather in sydney australia in january,1
1023322,which xml to use vba,0
15682,allen tx is what county,1
1163782,what county is mar a lago in,1
284349,how many general orders are there in the army,0
162743,does alaska change to daylight savings time,1
296971,how many states voted to ratify the constitution,0
1002296,where was dwight d eisenhower born,1
40314,average pitching distances,0
850147,what is the temperature in Alaska in july,1
23447,are llc corporations,0
996677,where is the minecraft spawner in pc,0
1120426,what county is rock hill,1
945399,when do you renew your massachusetts driver's license,1
1003681,where was the film horns filmed,1
838156,what is the original name of egypt,0
884348,what parish is clinton louisiana in,1
297050,how many steps in the arc de triomphe,1
512252,temperature in new york city in july,1
178420,effective over the counter medication for anemic fatigue,0
958222,when was jackson mississippi founded,1
274464,how many african nations are there,1
486929,regulations for supplement added to coffee,0
888691,what process is responsible for continuous energy spectrum,0
936281,when can give infant baby water,0
1003174,where was pom klementieff born?abcdefghijzyxwvutsrqponmlk,1
359963,how to fix remote control batteries,0
516859,the lungs and trachea are part of what system,0
441246,listing property instead of name for tax arrears,0
975538,where in argentina are the andes mountains located,1
846078,what is the score of college world series,0
94743,color Nucleic acid,0
862735,what is when you have pain in your legs,0
521033,time in india currently,1
419704,is oceania a continent,1
1009626,which first class airline is best delta united or american,0
999239,"where is union, illinois located",1
788973,what is quebec called,1
1110605,what is the weather forecast for san diego,1
1022805,which volcanic eruption caused the most deaths,0
365002,how to indent paragraphs mla in word,0
89593,cell that produce bone are called,0
644752,what does opec mean,0
37342,average hourly rates in va,1
480111,price county population,1
589910,what causes mouth irritation,0
607578,what county is indiana pennsylvania in,1
935925,when are the peak seasons prices at disneyland,0
996864,where is the new yorker festival,1
265917,how long must you retain tax records,0
928099,what year was president nixon elected,0
107407,cost of taxi to airport,1
1029014,who invented the first battery,0
913395,what type of metal is tin,0
853551,what is the weather in kennebunkport maine,1
927124,what year did the statue of liberty become a monument,0
898535,what states make up the usa,1
570476,what are the highest mountains called,1
50777,benefits of fat loss,0
814410,what is the deepest water on earth,1
52115,"best thing to do in russian river, ca",1
1139005,who discovered the planets that go around the sun,0
626884,what do you need to send in to renew an expired passport,0
293815,how many pounds per ton,0
977093,where is area code,1
544085,weather in early myrtle beach,1
548364,were is puerto rico,1
1003960,where was the netflix show ozark filmed,1
859634,what is us family health care,0
939648,when did marijuana become legal,0
478686,positive can do attitude,0
667068,what happens when an atom loses energy,0
925454,what would cause the loss of hair,0
893409,what shapes landforms,0
612525,what county is seaside or,1
187937,flint is in what county,1
11594,adhd medications what class are they,0
502992,state license board number for contractors,0
793440,what is samoa,1
804675,what is the altitude for a combat jump,0
466415,number of adult cancer diagnosis,0
996652,where is the michigan nascar track,1
834336,what is the name for clay for roofs that is made out of something lighter,0
107151,cost of solar panels for your home,0
236644,how is exercise healthy,0